,tijdstempel,avondeten,flugel,kneipe,skistijl,Skitag,lezen,pre_ski_feestje,artiest,dal_piste_team,kat_hond,films,muziek,tosti,stad,geslacht,extra_namen,leeftijd,materiaal_huur
0,2021-11-15 12:27:06.716,2.0,3.0,5.0,5.0,3.0,4.0,5.0,1.0,1.0,1.0,0.0,1.0,0.0,Amsterdam,1,1,29.78082191780822,Nee
1,2021-11-15 12:29:46.000,4.0,3.0,3.0,1.0,2.0,4.0,4.0,0.0,0.0,1.0,0.0,1.0,0.0,Den Haaaag,0,1,25.0,"Ja ski's, skischoenen en helm"
2,2021-11-15 12:52:19.492,5.0,4.0,5.0,5.0,4.0,5.0,5.0,0.0,1.0,1.0,0.0,1.0,0.0,Amsterdam,0,1,27.895890410958906,Nee
3,2021-11-15 12:55:27.841,4.0,5.0,4.0,4.0,4.0,3.0,5.0,1.0,1.0,1.0,1.0,1.0,0.0,Amsterdam,1,1,28.654794520547945,"Ja, ski's en skischoenen"
4,2021-11-15 13:12:36.322,5.0,5.0,4.0,2.0,4.0,3.0,4.0,0.0,1.0,1.0,0.0,1.0,0.0,Utrecht,1,0,36.24657534246575,"Ja, ski's en skischoenen"
5,2021-11-15 13:35:13.294,3.0,2.0,2.0,2.0,2.0,4.0,5.0,0.0,1.0,1.0,0.0,1.0,1.0,Beide prima! ,0,1,25.517808219178082,"Ja, ski's en skischoenen"
6,2021-11-15 13:45:26.680,3.0,3.0,2.0,1.0,2.0,3.0,2.0,0.0,1.0,1.0,0.0,0.0,0.0,Amsterdam,0,0,41.31780821917808,"Ja, ski's"
7,2021-11-15 14:57:08.310,1.0,4.0,3.0,2.0,5.0,4.0,5.0,1.0,1.0,1.0,0.0,0.0,1.0,Volgens mij mag je nu wel een feest organiseren zolang er maar niemand komt ,1,0,25.04931506849315,"Ja, ski's"
8,2021-11-15 15:03:49.086,3.0,5.0,4.0,2.0,1.0,1.0,5.0,0.0,1.0,1.0,0.0,1.0,1.0,Amsterdam,0,0,32.52602739726027,Nee
9,2021-11-15 17:43:37.803,4.0,5.0,3.0,4.0,2.0,3.0,5.0,0.0,1.0,1.0,0.0,1.0,0.0,Amsterdam,0,1,27.854794520547944,"Ja, ski's en skischoenen"
10,2021-11-15 18:37:50.353,5.0,5.0,5.0,4.0,1.0,3.0,5.0,1.0,1.0,0.0,1.0,1.0,0.0,Utrecht,0,0,31.484931506849314,Nee
11,2021-11-15 18:48:40.035,5.0,1.0,3.0,3.0,2.0,3.0,4.0,1.0,1.0,1.0,0.0,0.0,1.0,Amsterdam,0,1,59.0,Nee
12,2021-11-15 20:10:23.355,5.0,5.0,5.0,1.0,1.0,3.0,5.0,1.0,0.0,1.0,0.0,1.0,0.0,Amsterdam,1,1,30.676712328767124,"Ja, ski's en helm"
13,2021-11-16 07:44:07.371,2.0,4.0,1.0,5.0,4.0,4.0,5.0,1.0,1.0,1.0,0.0,1.0,1.0,Amsterdam,1,1,29.75068493150685,Ja alleen schoenen
14,2021-11-16 09:25:10.635,1.0,5.0,1.0,2.0,2.0,2.0,5.0,1.0,0.0,1.0,1.0,1.0,1.0,Amsterdam,1,1,32.52876712328767,"Ja, ski's en skischoenen"
15,2021-11-16 10:07:15.921,2.0,2.0,4.0,4.0,2.0,2.0,5.0,0.0,1.0,1.0,1.0,1.0,1.0,Amsterdam,0,1,39.13972602739726,Nee
16,2021-11-16 10:13:11.642,1.0,5.0,5.0,3.0,1.0,3.0,5.0,0.0,1.0,1.0,0.0,1.0,0.0,Amsterdam,0,1,31.353424657534248,Nee
17,2021-11-16 15:53:11.198,3.0,5.0,4.0,4.0,4.0,3.0,5.0,0.0,1.0,0.0,0.0,1.0,0.0,Amsterdam,1,0,44.55068493150685,Nee
18,2021-11-17 18:29:14.805,1.0,5.0,3.0,3.0,1.0,1.0,5.0,0.0,0.0,1.0,0.0,1.0,1.0,Amsterdam,0,1,31.802739726027397,Nee
19,2021-11-17 20:08:40.235,3.0,4.0,3.0,5.0,3.0,3.0,5.0,0.0,1.0,1.0,1.0,1.0,0.0,Utrecht,1,0,27.304109589041097,"Ja, ski's en skischoenen"
20,2021-11-18 09:30:36.613,3.0,3.0,5.0,2.0,5.0,5.0,5.0,1.0,1.0,1.0,0.0,1.0,0.0,Utrecht,0,0,27.367123287671234,"Ja, ski's"
21,2021-11-19 14:32:30.764,4.0,5.0,1.0,1.0,1.0,3.0,5.0,0.0,0.0,1.0,0.0,1.0,0.0,Utrecht,0,0,25.70958904109589,"Ja, ski's en skischoenen"
22,2021-11-19 14:48:55.420,3.0,1.0,3.0,3.0,4.0,5.0,5.0,0.0,1.0,1.0,0.0,1.0,0.0,Amsterdam,0,1,29.7013698630137,"Ja, ski's en skischoenen"
23,2021-11-19 17:13:34.304,2.0,5.0,3.0,1.0,1.0,5.0,3.0,0.0,0.0,1.0,0.0,1.0,1.0,Amsterdam,0,1,31.2986301369863,"Ja, ski's"
24,2021-12-02 09:35:27.013,2.0,5.0,5.0,2.0,1.0,3.0,4.0,1.0,1.0,0.0,1.0,0.0,0.0,Utrecht,1,1,25.326027397260273,"Ja, snowboard en schoenen"
25,,,,,,,,,0.0,0.0,1.0,1.0,1.0,1.0,Amsterdam,1,1,33.44931506849315,Nee
26,,,,,,,,,,,,,,,,0,1,32.45479452054794,Nee
